,All,Office,Retail+,Govt+,Hotels+
a,25.600531,4.253,8.01,9.98,3.083
b,3.289102,5.54,6.524,2.652,4.527
c,0.072218,0.0695,0.0633,0.0517,0.0479
