,All,Office,Retail+,Govt+,Hotels+
a,28.1606,4.253,8.01,9.98,3.083
b,3.19066,5.54,6.524,2.652,4.527
c,0.0606448,0.0695,0.0633,0.0517,0.0479
